variant,accuracy,params,flops,train_time_sec
2_conv_layers,0.951,2363130,3974528.0,10.10739803314209
3_conv_layers,0.9536,1995546,8906112.0,11.972352743148804
