variant,accuracy,params,flops,train_time_sec
with_dropout,0.9849,2363130,3974528.0,1492.4433360099792
without_dropout,0.9857,2363130,3974528.0,272.0590784549713
